item	category	local_status	remote_status	impact	action
Large BED and intermediate result trees	data	not distributed	remote-only/unverified	Required to rerun CRE stages	Configure authorized server paths or obtain public/deposit copies.
GWAS summary statistics	controlled or external data	not distributed	remote-only/unverified	Required for LDSC	Document access conditions and configure manifest paths.
LDSC reference resources	reference	not distributed	remote-only/unverified	Required for all LDSC stages	Install a compatible release and record checksums.
Exact LDSC and Python environment lock	software	missing	unknown	May affect numerical reproducibility	Record the recovered historical versions or validate a new locked environment.
Conservation bigWig inputs	upstream data	not distributed	remote-only/unverified	Required only to regenerate the panel-e table	Configure PHASTCONS_BW PHYLOP_BW and GERP_BW; the scoring script is included.
Figure 8 panels a c h	figure lineage	missing	unknown	Full composite cannot be rebuilt solely from this package	Locate and curate the confirmed panel-generation sources.
Final fig8.tif composition/export code	figure lineage	missing	unknown	Pixel-identical final composite is not claimed	Preserve the archived TIFF and locate the composition project or export log.
Software license	release metadata	missing	n/a	Public reuse terms are undefined	Choose an institutionally approved license before public release.
Citation metadata	release metadata	missing	n/a	Repository cannot provide final citation	Add authors, title and DOI/preprint when available.
